id,first_name,last_name,email,gender,ip_address,Notes
1,Juline,Hinks,jhinks0@utexas.edu,Female,156.225.154.123,Devolved secondary conglomeration
2,Nerte,Szabo,nszabo1@nbcnews.com,Female,1.209.105.36,Exclusive 24 hour circuit
3,Jake,Brooksbie,jbrooksbie2@example.com,Polygender,141.53.86.122,Pre-emptive encompassing hardware
4,Robyn,Cudworth,rcudworth3@altervista.org,Genderqueer,145.91.205.102,Front-line encompassing secured line
5,Nadya,De la Feld,ndelafeld4@creativecommons.org,Female,120.56.26.193,Virtual even-keeled superstructure
6,Beatriz,Greedyer,bgreedyer5@prnewswire.com,Female,194.101.10.107,Team-oriented contextually-based approach
7,Jamesy,Greguol,jgreguol6@slate.com,Male,171.240.62.172,Multi-lateral impactful help-desk
8,Page,Schaffler,pschaffler7@washingtonpost.com,Female,61.153.238.108,Up-sized optimizing projection
9,Shanna,Gerrietz,sgerrietz8@zimbio.com,Genderfluid,89.70.156.213,Streamlined dedicated local area network
10,Zenia,Pickersail,zpickersail9@ameblo.jp,Female,57.246.233.44,Managed uniform initiative
11,Bobine,Bautiste,bbautistea@ed.gov,Female,91.28.248.80,Robust real-time definition
12,Marigold,Phinn,mphinnb@wisc.edu,Female,114.142.237.154,Re-engineered motivating flexibility
13,Frederica,Huntress,fhuntressc@epa.gov,Female,152.79.22.89,Integrated background moderator
14,Byrle,Seabright,bseabrightd@yahoo.co.jp,Male,245.176.32.83,Reverse-engineered attitude-oriented parallelism
15,Berne,Northfield,bnorthfielde@dropbox.com,Male,66.195.219.228,Synergistic bottom-line project
16,Sim,Birden,sbirdenf@google.co.uk,Male,187.223.120.184,Optional radical system engine
17,Chancey,Patchett,cpatchettg@over-blog.com,Male,166.23.215.75,Sharable encompassing software
18,Bondie,Colt,bcolth@imgur.com,Male,17.163.199.73,Vision-oriented fresh-thinking solution
19,Demetris,Cohani,dcohanii@biblegateway.com,Female,68.153.172.69,Configurable actuating migration
20,Mersey,Acreman,macremanj@whitehouse.gov,Female,35.208.171.61,Innovative motivating installation
21,Gregor,Hardingham,ghardinghamk@virginia.edu,Male,81.198.238.243,Seamless human-resource focus group
22,Sly,Losseljong,slosseljongl@epa.gov,Male,26.181.165.173,Cross-group human-resource moderator
23,Jemie,Landsborough,jlandsboroughm@wsj.com,Genderfluid,162.61.26.232,Optional eco-centric concept
24,Roseann,Orred,rorredn@weibo.com,Female,65.15.213.45,Up-sized 24 hour solution
25,Larine,Erdely,lerdelyo@stumbleupon.com,Female,52.141.134.138,Expanded impactful conglomeration
26,Raleigh,Luxmoore,rluxmoorep@prlog.org,Male,40.194.71.74,Self-enabling 24/7 concept
27,Sollie,Sainte Paul,ssaintepaulq@tiny.cc,Male,143.176.115.79,Re-engineered grid-enabled support
28,Bronson,Jancar,bjancarr@rakuten.co.jp,Agender,89.229.28.90,Phased non-volatile pricing structure
29,Eddie,Cheyenne,echeyennes@mac.com,Male,250.202.191.232,Multi-lateral uniform hardware
30,Perrine,Sher,pshert@squidoo.com,Female,213.112.115.255,Centralized solution-oriented strategy
31,Margette,Vennard,mvennardu@usgs.gov,Female,126.176.21.202,Synergized mission-critical artificial intelligence
32,Leandra,Tyce,ltycev@sakura.ne.jp,Female,223.253.66.212,Public-key web-enabled installation
33,Forbes,Pocknoll,fpocknollw@myspace.com,Male,68.228.148.249,Open-architected client-driven utilisation
34,Phineas,Probin,pprobinx@discuz.net,Male,162.124.63.114,Multi-layered disintermediate frame
35,Ines,Shiliton,ishilitony@google.com.au,Female,138.33.234.197,Up-sized modular benchmark
36,Noland,Lammerts,nlammertsz@51.la,Male,36.144.109.11,Cross-group foreground data-warehouse
37,Herman,Maving,hmaving10@kickstarter.com,Male,236.58.35.41,Robust reciprocal monitoring
38,Laurena,Desesquelle,ldesesquelle11@cnet.com,Female,59.119.10.216,Monitored mobile artificial intelligence
39,Starlin,Crum,scrum12@sfgate.com,Genderqueer,127.221.58.242,Persevering analyzing attitude
40,Goldi,Goodin,ggoodin13@nytimes.com,Female,139.30.57.15,Open-architected intangible model
41,Delmor,Jirzik,djirzik14@last.fm,Bigender,169.85.6.75,Visionary regional strategy
42,Blaire,Hinken,bhinken15@indiatimes.com,Female,160.238.36.97,Proactive web-enabled encryption
43,Martainn,Macy,mmacy16@salon.com,Male,127.94.54.172,Open-architected non-volatile core
44,Reggie,Nunnerley,rnunnerley17@friendfeed.com,Male,89.87.130.128,Open-source context-sensitive strategy
45,Carlin,Hagger,chagger18@craigslist.org,Male,195.180.103.87,Polarised user-facing parallelism
46,Early,Fowler,efowler19@oakley.com,Male,233.108.7.106,Business-focused directional contingency
47,Forster,Poppleton,fpoppleton1a@epa.gov,Male,132.59.113.249,Secured multimedia collaboration
48,Fredericka,Overton,foverton1b@cargocollective.com,Female,61.223.15.69,Operative bottom-line capacity
49,Rita,Cracknall,rcracknall1c@about.com,Female,145.14.61.166,Open-architected well-modulated Graphic Interface
50,Kev,McTerrelly,kmcterrelly1d@unc.edu,Male,122.147.136.66,Front-line bottom-line hierarchy
51,Trina,Vida,tvida1e@cmu.edu,Female,199.123.107.86,Reduced bottom-line attitude
52,Fernandina,Leckenby,fleckenby1f@aboutads.info,Female,110.11.119.69,Public-key 24 hour utilisation
53,Jarib,Goldsmith,jgoldsmith1g@nymag.com,Male,97.146.57.95,Focused asynchronous forecast
54,Brook,Riddler,briddler1h@wisc.edu,Female,180.86.4.54,Streamlined analyzing local area network
55,Bernardo,Labes,blabes1i@noaa.gov,Male,50.194.170.202,Grass-roots modular focus group
56,Jeremias,Philipard,jphilipard1j@buzzfeed.com,Male,129.171.205.224,Networked 24/7 methodology
57,Karrie,Hammand,khammand1k@europa.eu,Female,50.127.248.208,Programmable coherent solution
58,Ardyth,Banger,abanger1l@ycombinator.com,Female,193.145.88.254,Virtual zero tolerance software
59,Rena,Pierrepont,rpierrepont1m@adobe.com,Female,167.145.121.193,Quality-focused global benchmark
60,Weidar,Tolefree,wtolefree1n@hexun.com,Male,171.172.215.78,Expanded intangible capability
61,Tod,Hyams,thyams1o@linkedin.com,Male,251.71.107.96,Versatile leading edge software
62,Chris,Tertre,ctertre1p@xing.com,Genderfluid,90.200.66.194,Stand-alone composite core
63,Fiorenze,Pocklington,fpocklington1q@opensource.org,Female,28.238.255.168,Assimilated scalable open system
64,Marlo,Novotne,mnovotne1r@rediff.com,Female,222.220.160.173,Re-contextualized leading edge infrastructure
65,Pearl,Skala,pskala1s@weebly.com,Female,185.37.141.252,Upgradable 3rd generation service-desk
66,Gert,Buckingham,gbuckingham1t@dropbox.com,Female,158.106.117.6,Monitored national synergy
67,Moira,Heart,mheart1u@businessinsider.com,Female,188.152.123.179,Right-sized discrete internet solution
68,Kelcy,Yakobovitz,kyakobovitz1v@umich.edu,Female,91.231.110.73,Reverse-engineered 6th generation emulation
69,Zachary,Grunnell,zgrunnell1w@woothemes.com,Male,27.149.3.27,Stand-alone attitude-oriented parallelism
70,Reena,Streatfield,rstreatfield1x@webnode.com,Female,143.210.24.146,Phased intangible policy
71,Lissi,Grisbrook,lgrisbrook1y@hostgator.com,Female,40.83.68.194,Distributed systematic extranet
72,Shae,Gajownik,sgajownik1z@twitpic.com,Male,83.244.218.215,Optimized composite capacity
73,Avigdor,Burkart,aburkart20@state.gov,Male,78.19.130.4,Reduced exuding concept
74,Stefano,Garwell,sgarwell21@people.com.cn,Male,59.116.216.13,Public-key stable matrices
75,Sherye,Gartenfeld,sgartenfeld22@t.co,Female,211.26.130.154,Networked eco-centric software
76,Hailee,Boultwood,hboultwood23@intel.com,Female,172.101.178.241,Configurable needs-based flexibility
77,Bobbie,Lambricht,blambricht24@csmonitor.com,Female,171.103.104.201,Monitored bifurcated workforce
78,Winnie,Petrussi,wpetrussi25@scribd.com,Male,35.236.139.82,Secured 6th generation customer loyalty
79,Gabie,Paulon,gpaulon26@csmonitor.com,Male,161.168.92.100,Re-engineered grid-enabled solution
80,Merwyn,Kier,mkier27@fc2.com,Polygender,244.153.108.3,Polarised 5th generation installation
81,Geoffrey,Mulrenan,gmulrenan28@phpbb.com,Male,31.64.19.85,Adaptive systematic encoding
82,Bertrand,Sinclar,bsinclar29@aol.com,Male,229.87.93.192,Sharable mobile instruction set
83,Olivero,Dhillon,odhillon2a@yahoo.com,Genderqueer,66.11.44.55,Distributed national archive
84,Thomasa,Sallarie,tsallarie2b@merriam-webster.com,Female,185.101.165.247,Total explicit hardware
85,Bourke,Peak,bpeak2c@google.com,Male,10.248.24.121,Ameliorated well-modulated methodology
86,Janaye,Butchard,jbutchard2d@washingtonpost.com,Female,146.116.64.185,Future-proofed intermediate productivity
87,Blair,Muggeridge,bmuggeridge2e@wsj.com,Male,25.136.240.220,Sharable responsive hub
88,Yalonda,Fenty,yfenty2f@angelfire.com,Female,170.20.55.8,Networked executive methodology
89,Wally,Bathow,wbathow2g@marketwatch.com,Male,68.208.16.88,Self-enabling 24/7 installation
90,Merna,Sabie,msabie2h@google.ca,Bigender,195.47.234.246,Advanced regional implementation
91,Marjy,Whitlow,mwhitlow2i@vinaora.com,Female,140.239.225.120,Stand-alone scalable service-desk
92,Cullie,Pryell,cpryell2j@washington.edu,Polygender,168.128.206.137,Organized holistic implementation
93,Adelheid,Cambridge,acambridge2k@clickbank.net,Female,171.191.214.74,Synergistic zero defect hardware
94,Zachariah,Skelton,zskelton2l@is.gd,Male,21.228.202.221,Multi-layered object-oriented help-desk
95,Corabelle,Bechley,cbechley2m@pcworld.com,Female,25.247.36.72,Grass-roots exuding core
96,Emlynn,Taw,etaw2n@imdb.com,Female,168.169.118.214,Sharable directional analyzer
97,Reena,MacGeaney,rmacgeaney2o@earthlink.net,Female,232.117.142.173,Grass-roots methodical definition
98,Jule,Van Dalen,jvandalen2p@plala.or.jp,Male,224.216.128.41,Automated content-based array
99,Deane,Di Bartolomeo,ddibartolomeo2q@smh.com.au,Male,94.142.254.46,Integrated coherent protocol
100,Sargent,Blaise,sblaise2r@cmu.edu,Male,133.53.190.48,Sharable fault-tolerant time-frame
